{
    "_README": "PUT ALL STYLES IN DOUBLE QUOTES IN LISTS (SQUARE BRACKETS) AS BELOW",
    "fonts": ["Tableau Bold", "Tableau Book", "Tableau Light", "Arial"],
    "font-sizes": ["28", "18", "11", "9"],
    "font-colors": [
        "#333333", "#499894", "#59A14F", "#79706E", "#86BCB6", "#8769E3"
    ],
    "all-colors": [
        "#EF8800", "#FFA609", "#F6B94D", "#979494", "#5CA9E4", "#338BCF",
        "#0A6EBA", "#81DAD5", "#FFBFA0", "#FFD57B", "#88DA8B", "#8EC8FF",
        "#FFA6DA", "#B9A6FF", "#FFA6A6", "#9FBDE2", "#20C3B9", "#FC8440",
        "#FFD154", "#5FC57B", "#42A5F5", "#F949B5", "#EC1F69", "#2A71C5"
    ],
    "background-colors": [
        "#E6E6E6", "#000000", "#CBCBCB", "#C0C0C0", "#F3F3F3", "#B0B0B0",
        "#F5F5F5", "#CCCCCC", "#F3F3F3", "#E14D10", "#515859", "#2A71C5"
    ],
    "margin": ["0", "4", "8"],
    "margin-top": ["0"],
    "margin-bottom": ["0"],
    "border-style": ["none", "solid"],
    "border-colors": ["#000000"],
    "border-width": ["0"],
    "padding": ["0", "4", "8"]
}
